Dataset,Method,epr@100,epr@500,epr@1000,epr@2000,gt_k,epr@gt
mHSC-L_string_tf1000,CNNC,0.0,0.0,0.001,0.0005,111,0.0
mHSC-L_string_tf1000,GNE,0.01,0.008,0.007,0.005,111,0.009009009009009009
mHSC-L_string_tf1000,GNNLink,0.0,0.0,0.0,0.0,111,0.0
mHSC-L_string_tf1000,LEAP,0.0,0.014,0.012,0.0115,111,0.0
mHSC-L_string_tf1000,PIDC,0.01,0.02,0.011,0.01,111,0.009009009009009009
mHSC-L_string_tf1000,scGREAT,0.0,0.0,0.0,0.0,111,0.0
mHSC-L_string_tf1000,STGRNS,0.0,0.0,0.0,0.0005,111,0.0
mHSC-L_string_tf1000,GRNFormer,0.0,0.002,0.001,0.005,111,0.0
