metric,method_1,method_2,n_pairs,wilcoxon_statistic,p_value,median_delta_method1_minus_method2,mean_delta_method1_minus_method2
aupr,GRNAgent,GRNFormer,24,9.0,3.933906555175781e-06,0.00275610087037725,0.02461281362685758
aupr,GRNAgent,GNNLink,24,2.0,3.5762786865234375e-07,0.0046203079169894,0.029357947010698212
aupr,GRNFormer,GNNLink,24,0.0,1.1920928955078125e-07,0.00195666028873695,0.004745133383840629
epr_at_100,GRNAgent,GRNFormer,24,22.0,0.0054528743852803796,0.01,0.06208333333333333
epr_at_100,GRNAgent,GNNLink,24,9.0,0.002145333455338914,0.01,0.06791666666666667
epr_at_100,GRNFormer,GNNLink,24,9.5,0.06390156091518749,0.0,0.005833333333333334
