auroc,aupr,n_positives,n_negatives,n_neg_samples,seed,method
0.7241806564824117,0.0002873961291316972,128,997422,997422,42,LEAP
