auroc,aupr,n_positives,n_negatives,n_neg_samples,seed,method
0.7863690304081732,0.0018967565392412544,40,249012,249012,42,LEAP
