auroc,aupr,n_positives,n_negatives,n_neg_samples,seed,method
0.3220820588526842,0.0017176818640907729,984,376624,376624,42,STGRNS
