auroc,aupr,n_positives,n_negatives,n_neg_samples,seed,method
0.7513992950085026,0.0033396827091646433,1217,983999,983999,42,LEAP
