auroc,aupr,n_positives,n_negatives,n_neg_samples,seed,method
0.5662655018560211,0.0012725142642698109,167,1260205,1260205,42,PIDC
