auroc,aupr,n_positives,n_negatives,n_neg_samples,seed,method
0.7916965449287876,0.0051590493952210735,392,244672,244672,42,LEAP
