auroc,aupr,n_positives,n_negatives,n_neg_samples,seed,method
0.5063427637759982,0.001245136409385354,1217,983999,983999,42,CNNC
