auroc,aupr,n_positives,n_negatives,n_neg_samples,seed,method
0.5239592871026295,0.0004797656074407499,40,249012,249012,42,CNNC
