auroc,aupr,n_positives,n_negatives,n_neg_samples,seed,method
0.5326183726141509,0.00014771128019494079,81,998007,998007,42,CNNC
