auroc,aupr,n_positives,n_negatives,n_neg_samples,seed,method
0.9500711193584418,0.07121067024166396,1868,1239224,1239224,42,CNNC
