auroc,aupr,n_positives,n_negatives,n_neg_samples,seed,method
0.9111365723015636,0.04886096539366048,984,376624,376624,42,CNNC
