auroc,aupr,n_positives,n_negatives,n_neg_samples,seed,method
0.5913547996012787,0.000712108039229376,59,388037,388037,42,CNNC
