auroc,aupr,n_positives,n_negatives,n_neg_samples,seed,method
0.5578279711345849,0.00016611393185902824,128,997422,997422,42,CNNC
