auroc,aupr,n_positives,n_negatives,n_neg_samples,seed,method
0.715871976049347,0.0014235239543457499,40,249012,249012,42,CNNC
