auroc,aupr,n_positives,n_negatives,n_neg_samples,seed,method
0.8557463483191342,0.0017298404067304732,59,388037,388037,42,GNE
