auroc,aupr,n_positives,n_negatives,n_neg_samples,seed,method
0.7146897539074423,0.0004417494673877622,40,249012,249012,42,GNE
