auroc,aupr,n_positives,n_negatives,n_neg_samples,seed,method
0.8027655751078897,0.0009012823627163717,100,997778,997778,42,GNE
