auroc,aupr,n_positives,n_negatives,n_neg_samples,seed,method
0.7681900182204859,0.0007601340679699107,100,997778,997778,42,GNE
