auroc,aupr,n_positives,n_negatives,n_neg_samples,seed,method
0.830873963905354,0.0015566596449174165,40,249012,249012,42,GNE
