auroc,aupr,n_positives,n_negatives,n_neg_samples,seed,method
0.7832416708404191,0.005443942935735074,269,246191,246191,42,GNE
