auroc,aupr,n_positives,n_negatives,n_neg_samples,seed,method
0.7605351988050194,0.0006732151607095609,128,997422,997422,42,GNE
