auroc,aupr,n_positives,n_negatives,n_neg_samples,seed,method
0.8329247973070177,0.0106692739022278,1217,983999,983999,42,GNE
