auroc,aupr,n_positives,n_negatives,n_neg_samples,seed,method
0.7077387614645557,0.0004036107376583467,128,997422,997422,42,GNE
