auroc,aupr,n_positives,n_negatives,n_neg_samples,seed,method
0.8008482862466269,0.016349757814396675,984,376624,376624,42,GNE
