auroc,aupr,n_positives,n_negatives,n_neg_samples,seed,method
0.8447281946117916,0.007473048387889682,111,137883,137883,42,GNE
