auroc,aupr,n_positives,n_negatives,n_neg_samples,seed,method
0.854949460266975,0.0010918420523373924,40,249012,249012,42,GNE
