auroc,aupr,n_positives,n_negatives,n_neg_samples,seed,method
0.8527127626672881,0.013431656963879577,1217,983999,983999,42,GNE
