auroc,aupr,n_positives,n_negatives,n_neg_samples,seed,method
0.8335626199551718,0.0015079635864695923,111,1260883,1260883,42,GNE
