auroc,aupr,n_positives,n_negatives,n_neg_samples,seed,method
0.8456820324164376,0.028516055806557753,111,137883,137883,42,GNNLink
