auroc,aupr,n_positives,n_negatives,n_neg_samples,seed,method
0.5829837604923886,0.001994965233474143,1868,1239224,1239224,42,GNNLink
