auroc,aupr,n_positives,n_negatives,n_neg_samples,seed,method
0.7840570681207537,0.0003674719558268113,59,388037,388037,42,GNNLink
