auroc,aupr,n_positives,n_negatives,n_neg_samples,seed,method
0.8056559934156823,0.000237553225056565,111,1260883,1260883,42,GNNLink
