auroc,aupr,n_positives,n_negatives,n_neg_samples,seed,method
0.8115588806965126,0.00041733526486774483,40,249012,249012,42,GNNLink
