auroc,aupr,n_positives,n_negatives,n_neg_samples,seed,method
0.8155670176868949,0.0008246871074389894,95,387587,387587,42,GNNLink
