auroc,aupr,n_positives,n_negatives,n_neg_samples,seed,method
0.8506320980514996,0.0005126013896982374,40,249012,249012,42,GNNLink
