auroc,aupr,n_positives,n_negatives,n_neg_samples,seed,method
0.49571116439906804,0.002677350927551097,1217,983999,983999,42,GNNLink
