auroc,aupr,n_positives,n_negatives,n_neg_samples,seed,method
0.5810415961480366,0.00020056689172216584,81,998007,998007,42,GRNFormer
