auroc,aupr,n_positives,n_negatives,n_neg_samples,seed,method
0.9544129901370215,0.0018643067490561745,40,249012,249012,42,GRNFormer
