auroc,aupr,n_positives,n_negatives,n_neg_samples,seed,method
0.748896096984694,0.013364981982403818,111,137883,137883,42,GRNFormer
