auroc,aupr,n_positives,n_negatives,n_neg_samples,seed,method
0.8473738078969997,0.002173526100217259,167,1260205,1260205,42,GRNFormer
