auroc,aupr,n_positives,n_negatives,n_neg_samples,seed,method
0.812406061652151,0.010292078596930536,1217,983999,983999,42,GRNFormer
