auroc,aupr,n_positives,n_negatives,n_neg_samples,seed,method
0.8287011148953435,0.015703700983502794,392,244672,244672,42,GRNFormer
