auroc,aupr,n_positives,n_negatives,n_neg_samples,seed,method
0.8364153462038807,0.0016753926369560065,59,388037,388037,42,GRNFormer
