auroc,aupr,n_positives,n_negatives,n_neg_samples,seed,method
0.8809512071309558,0.004145928952450587,111,1260883,1260883,42,GRNFormer
