auroc,aupr,n_positives,n_negatives,n_neg_samples,seed,method
0.8190868266367617,0.011222635623810304,1217,983999,983999,42,GRNFormer
