auroc,aupr,n_positives,n_negatives,n_neg_samples,seed,method
0.7872204183910023,0.013241684617515083,1868,1239224,1239224,42,GRNFormer
