auroc,aupr,n_positives,n_negatives,n_neg_samples,seed,method
0.703333819586895,0.00033716114241102947,128,997422,997422,42,LEAP
