auroc,aupr,n_positives,n_negatives,n_neg_samples,seed,method
0.6229984951822775,0.0009777526775303924,125,997463,997463,42,LEAP
