auroc,aupr,n_positives,n_negatives,n_neg_samples,seed,method
0.7885519071370054,0.0008592874466356922,40,249012,249012,42,LEAP
