auroc,aupr,n_positives,n_negatives,n_neg_samples,seed,method
0.7760353978070889,0.003008025946478022,81,998007,998007,42,LEAP
