auroc,aupr,n_positives,n_negatives,n_neg_samples,seed,method
0.732215362535554,0.0007356953775996707,100,997778,997778,42,LEAP
