auroc,aupr,n_positives,n_negatives,n_neg_samples,seed,method
0.7622006505052005,0.003768431159179371,1217,983999,983999,42,LEAP
