auroc,aupr,n_positives,n_negatives,n_neg_samples,seed,method
0.6386346388444225,0.0017345856898639462,269,246191,246191,42,LEAP
