auroc,aupr,n_positives,n_negatives,n_neg_samples,seed,method
0.7645347361838003,0.0005714281377431841,100,997778,997778,42,LEAP
