auroc,aupr,n_positives,n_negatives,n_neg_samples,seed,method
0.5653967123597028,0.0017628098819723569,1434,981322,981322,42,LEAP
