auroc,aupr,n_positives,n_negatives,n_neg_samples,seed,method
0.8235791043989743,0.005690363093445804,111,1260883,1260883,42,LEAP
