auroc,aupr,n_positives,n_negatives,n_neg_samples,seed,method
0.816664461037902,0.09881792533012265,12,249362,249362,42,LEAP
