auroc,aupr,n_positives,n_negatives,n_neg_samples,seed,method
0.5619367913723531,0.003040617308264965,984,376624,376624,42,LEAP
