auroc,aupr,n_positives,n_negatives,n_neg_samples,seed,method
0.668604269477535,0.0027122290763971673,59,388037,388037,42,LEAP
