auroc,aupr,n_positives,n_negatives,n_neg_samples,seed,method
0.7379748767127688,0.0011591685993806496,40,249012,249012,42,LEAP
