auroc,aupr,n_positives,n_negatives,n_neg_samples,seed,method
0.5613918686486553,0.0017571169794088509,1868,1239224,1239224,42,LEAP
