auroc,aupr,n_positives,n_negatives,n_neg_samples,seed,method
0.7292518533243377,0.0004320878247241261,40,249012,249012,42,PIDC
