auroc,aupr,n_positives,n_negatives,n_neg_samples,seed,method
0.462938203796463,0.0010653657753006258,269,246191,246191,42,PIDC
