auroc,aupr,n_positives,n_negatives,n_neg_samples,seed,method
0.6980588206836004,0.003551143309508498,111,1260883,1260883,42,PIDC
