auroc,aupr,n_positives,n_negatives,n_neg_samples,seed,method
0.6077895300377056,0.0014101153013606367,125,997463,997463,42,PIDC
