auroc,aupr,n_positives,n_negatives,n_neg_samples,seed,method
0.7576907940179589,0.00042515895815649796,40,249012,249012,42,PIDC
