auroc,aupr,n_positives,n_negatives,n_neg_samples,seed,method
0.5102887867756143,0.008366981460577523,95,387587,387587,42,PIDC
