auroc,aupr,n_positives,n_negatives,n_neg_samples,seed,method
0.6579246180906945,0.0005149746870693322,40,249012,249012,42,PIDC
