auroc,aupr,n_positives,n_negatives,n_neg_samples,seed,method
0.6819996333283509,0.0028270036016421977,392,244672,244672,42,PIDC
