auroc,aupr,n_positives,n_negatives,n_neg_samples,seed,method
0.6477300854656542,0.0019849438012833516,1217,983999,983999,42,PIDC
