auroc,aupr,n_positives,n_negatives,n_neg_samples,seed,method
0.6445209267607671,0.002012577731161082,1217,983999,983999,42,PIDC
