auroc,aupr,n_positives,n_negatives,n_neg_samples,seed,method
0.5181720745531413,0.00015179253740600464,125,997463,997463,42,PPCOR
