auroc,aupr,n_positives,n_negatives,n_neg_samples,seed,method
0.5368705131203242,0.0001831870600367575,128,997422,997422,42,PPCOR
