auroc,aupr,n_positives,n_negatives,n_neg_samples,seed,method
0.48953544532122584,0.0013049296342648147,1217,983999,983999,42,PPCOR
