auroc,aupr,n_positives,n_negatives,n_neg_samples,seed,method
0.5195045396465994,0.0003274707028508449,59,388037,388037,42,PPCOR
