auroc,aupr,n_positives,n_negatives,n_neg_samples,seed,method
0.49811902046346984,0.00021849918255780577,100,997778,997778,42,PPCOR
