auroc,aupr,n_positives,n_negatives,n_neg_samples,seed,method
0.5131686711272267,0.0017460667148348305,392,244672,244672,42,PPCOR
