auroc,aupr,n_positives,n_negatives,n_neg_samples,seed,method
0.4940677338523282,0.0014667395789162076,1868,1239224,1239224,42,PPCOR
