auroc,aupr,n_positives,n_negatives,n_neg_samples,seed,method
0.48800571153684197,0.00015971918416094288,128,997422,997422,42,PPCOR
