auroc,aupr,n_positives,n_negatives,n_neg_samples,seed,method
0.5642567448014727,0.000326176655526012,95,387587,387587,42,PPCOR
