auroc,aupr,n_positives,n_negatives,n_neg_samples,seed,method
0.492388748184992,0.0015709560999418318,392,244672,244672,42,PPCOR
