auroc,aupr,n_positives,n_negatives,n_neg_samples,seed,method
0.5187132028206288,9.872689097367929e-05,81,998007,998007,42,PPCOR
