auroc,aupr,n_positives,n_negatives,n_neg_samples,seed,method
0.5010569797001359,0.0013840917005755323,1217,983999,983999,42,PPCOR
