auroc,aupr,n_positives,n_negatives,n_neg_samples,seed,method
0.5022350713286063,0.0027066561914097765,984,376624,376624,42,PPCOR
