auroc,aupr,n_positives,n_negatives,n_neg_samples,seed,method
0.6308313637093127,0.00018565804782919444,22,249240,249240,42,PPCOR
