auroc,aupr,n_positives,n_negatives,n_neg_samples,seed,method
0.5029323888005397,0.0001926295372743511,40,249012,249012,42,PPCOR
