auroc,aupr,n_positives,n_negatives,n_neg_samples,seed,method
0.4678270015975498,9.837403792629426e-05,100,997778,997778,42,PPCOR
