auroc,aupr,n_positives,n_negatives,n_neg_samples,seed,method
0.5572753521918622,0.00019739734208558906,40,249012,249012,42,PPCOR
