auroc,aupr,n_positives,n_negatives,n_neg_samples,seed,method
0.49884654153213503,0.00017724840466400393,40,249012,249012,42,PPCOR
