auroc,aupr,n_positives,n_negatives,n_neg_samples,seed,method
0.4892376577496914,0.001481257274621914,1434,981322,981322,42,PPCOR
