auroc,aupr,n_positives,n_negatives,n_neg_samples,seed,method
0.42739767561402664,0.0002383129422036711,40,249012,249012,42,PPCOR
