{
  "random_seed": 42,
  "creation_time": "2025-11-13T10:18:59.527083",
  "framework_version": "1.0.0",
  "method_results": {
    "LEAP": {
      "auroc": 0.7645347361838003,
      "aupr": 0.0005714281377431841,
      "n_positives": 100,
      "n_negatives": 997778,
      "n_neg_samples": 997778,
      "seed": 42,
      "method": "LEAP"
    }
  }
}