{
  "random_seed": 42,
  "creation_time": "2025-11-13T11:49:08.939554",
  "framework_version": "1.0.0",
  "method_results": {
    "PIDC": {
      "auroc": 0.462938203796463,
      "aupr": 0.0010653657753006258,
      "n_positives": 269,
      "n_negatives": 246191,
      "n_neg_samples": 246191,
      "seed": 42,
      "method": "PIDC"
    }
  }
}