{
  "random_seed": 42,
  "creation_time": "2025-11-13T10:18:38.724003",
  "framework_version": "1.0.0",
  "method_results": {
    "LEAP": {
      "auroc": 0.7379748767127688,
      "aupr": 0.0011591685993806496,
      "n_positives": 40,
      "n_negatives": 249012,
      "n_neg_samples": 249012,
      "seed": 42,
      "method": "LEAP"
    }
  }
}