{
  "random_seed": 42,
  "creation_time": "2025-11-13T11:55:05.039623",
  "framework_version": "1.0.0",
  "method_results": {
    "PIDC": {
      "auroc": 0.6126505147617629,
      "aupr": 0.018813301230389268,
      "n_positives": 59,
      "n_negatives": 388037,
      "n_neg_samples": 388037,
      "seed": 42,
      "method": "PIDC"
    }
  }
}