{
  "random_seed": 42,
  "creation_time": "2025-11-13T10:13:39.696714",
  "framework_version": "1.0.0",
  "method_results": {
    "LEAP": {
      "auroc": 0.7968696408886599,
      "aupr": 0.005187098257118103,
      "n_positives": 392,
      "n_negatives": 244672,
      "n_neg_samples": 244672,
      "seed": 42,
      "method": "LEAP"
    }
  }
}