auroc,aupr,n_positives,n_negatives,n_neg_samples,seed,method
0.6036656306773777,0.00021241402085557735,167,1260205,1260205,42,scGREAT
