auroc,aupr,n_positives,n_negatives,n_neg_samples,seed,method
0.5945716471495348,0.0004406352732970696,40,249012,249012,42,scGREAT
