auroc,aupr,n_positives,n_negatives,n_neg_samples,seed,method
0.3969884943957814,0.0008439641694224594,269,246191,246191,42,scGREAT
