auroc,aupr,n_positives,n_negatives,n_neg_samples,seed,method
0.5499474983413144,0.00010965694544747428,100,997778,997778,42,scGREAT
