auroc,aupr,n_positives,n_negatives,n_neg_samples,seed,method
0.37429365901291584,9.618975896411647e-05,125,997463,997463,42,scGREAT
