auroc,aupr,n_positives,n_negatives,n_neg_samples,seed,method
0.5802231076936469,0.0017991635299834455,1434,981322,981322,42,scGREAT
