auroc,aupr,n_positives,n_negatives,n_neg_samples,seed,method
0.44690888429173453,0.0010283263670040161,1217,983999,983999,42,scGREAT
