auroc,aupr,n_positives,n_negatives,n_neg_samples,seed,method
0.43995786347645904,0.0001573512390373774,40,249012,249012,42,scGREAT
