auroc,aupr,n_positives,n_negatives,n_neg_samples,seed,method
0.6246695571478285,0.00015983420652934335,111,1260883,1260883,42,scGREAT
