auroc,aupr,n_positives,n_negatives,n_neg_samples,seed,method
0.3942470643985029,0.00012304881360817425,40,249012,249012,42,scGREAT
