auroc,aupr,n_positives,n_negatives,n_neg_samples,seed,method
0.5672035060220074,0.003132272248515748,984,376624,376624,42,scGREAT
