auroc,aupr,n_positives,n_negatives,n_neg_samples,seed,method
0.5431949743575398,0.000276000111456953,95,387587,387587,42,scGREAT
