auroc,aupr,n_positives,n_negatives,n_neg_samples,seed,method
0.5468470647015506,0.0002655778938115002,128,997422,997422,42,scGREAT
