auroc,aupr,n_positives,n_negatives,n_neg_samples,seed,method
0.5720791958270548,0.0016007810703589692,1217,983999,983999,42,scGREAT
