auroc,aupr,n_positives,n_negatives,n_neg_samples,seed,method
0.38985094091850997,0.00014852735347183998,40,249012,249012,42,SINCERITIES
