auroc,aupr,n_positives,n_negatives,n_neg_samples,seed,method
0.5099233882300116,0.00028518061462751745,95,386343,387587,42,SINCERITIES
