auroc,aupr,n_positives,n_negatives,n_neg_samples,seed,method
0.41061781159140925,0.00014507418075439135,40,249012,249012,42,SINCERITIES
