auroc,aupr,n_positives,n_negatives,n_neg_samples,seed,method
0.5218512218024809,0.0001694704953955698,59,386791,388037,42,SINCERITIES
