auroc,aupr,n_positives,n_negatives,n_neg_samples,seed,method
0.4226648198481252,0.0010988023084915395,1217,983999,983999,42,SINCERITIES
