auroc,aupr,n_positives,n_negatives,n_neg_samples,seed,method
0.41940754614421016,0.0010973383165492209,1217,983999,983999,42,SINCERITIES
