auroc,aupr,n_positives,n_negatives,n_neg_samples,seed,method
0.4063913252740565,0.00011635888939046057,128,997422,997422,42,SINCERITIES
