auroc,aupr,n_positives,n_negatives,n_neg_samples,seed,method
0.45189561568807485,0.0013139868301260047,392,244672,244672,42,STGRNS
