auroc,aupr,n_positives,n_negatives,n_neg_samples,seed,method
0.5895581101170244,0.001529290588445449,1217,983999,983999,42,STGRNS
