auroc,aupr,n_positives,n_negatives,n_neg_samples,seed,method
0.5174770299897334,0.0011783382550515464,1217,983999,983999,42,STGRNS
