auroc,aupr,n_positives,n_negatives,n_neg_samples,seed,method
0.5709685219562582,0.0018706174016668254,392,244672,244672,42,STGRNS
