auroc,aupr,n_positives,n_negatives,n_neg_samples,seed,method
0.4352917783314525,8.194870409816096e-05,100,997778,997778,42,STGRNS
