auroc,aupr,n_positives,n_negatives,n_neg_samples,seed,method
0.522438381912343,0.00015168585643375912,167,1260205,1260205,42,STGRNS
