auroc,aupr,n_positives,n_negatives,n_neg_samples,seed,method
0.42226428846802566,0.00013704352028310235,40,249012,249012,42,STGRNS
