auroc,aupr,n_positives,n_negatives,n_neg_samples,seed,method
0.3825302171140751,4.148975720758058e-05,12,249362,249362,42,STGRNS
