auroc,aupr,n_positives,n_negatives,n_neg_samples,seed,method
0.45317665413715,0.0001459231456076779,40,249012,249012,42,STGRNS
