auroc,aupr,n_positives,n_negatives,n_neg_samples,seed,method
0.4205680421897456,8.266464769706443e-05,100,997778,997778,42,STGRNS
