auroc,aupr,n_positives,n_negatives,n_neg_samples,seed,method
0.5263380870885142,0.00012885580054958703,128,997422,997422,42,STGRNS
