auroc,aupr,n_positives,n_negatives,n_neg_samples,seed,method
0.554218728836054,0.00026425431101300236,59,388037,388037,42,STGRNS
