auroc,aupr,n_positives,n_negatives,n_neg_samples,seed,method
0.7213062021107417,0.0003793094204643954,40,249012,249012,42,STGRNS
